Name_EN,Name_FR,Name_AR,Code
Afghanistan,Afghanistan,أفغانستان,AF
Åland Islands,Albanie,ألبانيا,AX
Albania,Antarctique,الجزائر,AL
Algeria,Algérie,أندورا,DZ
American Samoa,Samoa Américaines,أنغولا,AS
Andorra,Andorre,أنتيغوا وبربودا,AD
Angola,Angola,الأرجنتين,AO
Anguilla,Antigua-et-Barbuda,أرمينيا,AI
Antarctica,Azerbaïdjan,أستراليا,AQ
Antigua and Barbuda,Argentine,النمسا,AG
Argentina,Australie,أذربيجان,AR
Armenia,Autriche,جزر البهاما,AM
Aruba,Bahamas,البحرين,AW
Australia,Bahreïn,بنغلاديش,AU
Austria,Bangladesh,بربادوس,AT
Azerbaijan,Arménie,بيلاروس,AZ
Bahamas,Barbade,بلجيكا,BS
Bahrain,Belgique,بليز,BH
Bangladesh,Bermudes,بنن,BD
Barbados,Bhoutan,بوتان,BB
Belarus,Bolivie,بوليفيا,BY
Belgium,Bosnie-Herzégovine,البوسنة والهرسك,BE
Belize,Botswana,بوتسوانا,BZ
Benin,Île Bouvet,البرازيل,BJ
Bermuda,Brésil,بروني دار السلام,BM
Bhutan,Belize,بلغاريا,BT
"Bolivia, Plurinational State of",Territoire Britannique de l'Océan Indien,بوركينا فاسو,BO
"Bonaire, Sint Eustatius and Saba",Îles Salomon,بوروندي,BQ
Bosnia and Herzegovina,Îles Vierges Britanniques,كابو فيردي,BA
Botswana,Brunéi Darussalam,كمبوديا,BW
Bouvet Island,Bulgarie,الكاميرون,BV
Brazil,Myanmar,كندا,BR
British Indian Ocean Territory,Burundi,جمهورية أفريقيا الوسطى,IO
Brunei Darussalam,Bélarus,تشاد,BN
Bulgaria,Cambodge,شيلي,BG
Burkina Faso,Cameroun,الصين,BF
Burundi,Canada,كولومبيا,BI
Cambodia,Cap-vert,جزر القمر,KH
Cameroon,Îles Caïmanes,الكونغو,CM
Canada,République Centrafricaine,كوستاريكا,CA
Cape Verde,Sri Lanka,كوت ديفوار,CV
Cayman Islands,Tchad,كرواتيا,KY
Central African Republic,Chili,كوبا,CF
Chad,Chine,قبرص,TD
Chile,Taïwan,تشيكيا,CL
China,Île Christmas,جمهورية كوريا الشعبية الديمقراطية,CN
Christmas Island,Îles Cocos (Keeling),جمهورية الكونغو الديمقراطية,CX
Cocos (Keeling) Islands,Colombie,الدانمرك,CC
Colombia,Comores,جيبوتي,CO
Comoros,Mayotte,دومينيكا,KM
Congo,République du Congo,الجمهورية الدومينيكية,CG
"Congo, the Democratic Republic of the",République Démocratique du Congo,إكوادور,CD
Cook Islands,Îles Cook,مصر,CK
Costa Rica,Costa Rica,السلفادور,CR
Côte d'Ivoire,Croatie,غينيا الاستوائية,CI
Croatia,Cuba,إريتريا,HR
Cuba,Chypre,إستونيا,CU
Curaçao,République Tchèque,إسواتيني,CW
Cyprus,Bénin,إثيوبيا,CY
Czech Republic,Danemark,فيجي,CZ
Denmark,Dominique,فنلندا,DK
Djibouti,République Dominicaine,فرنسا,DJ
Dominica,Équateur,غابون,DM
Dominican Republic,El Salvador,غامبيا,DO
Ecuador,Guinée Équatoriale,جورجيا,EC
Egypt,Éthiopie,ألمانيا,EG
El Salvador,Érythrée,غانا,SV
Equatorial Guinea,Estonie,اليونان,GQ
Eritrea,Îles Féroé,غرينادا,ER
Estonia,Îles (malvinas) Falkland,غواتيمالا,EE
Ethiopia,Géorgie du Sud et les Îles Sandwich du Sud,غينيا,ET
Falkland Islands (Malvinas),Fidji,غينيا بيساو,FK
Faroe Islands,Finlande,غيانا,FO
Fiji,Îles Åland,هايتي,FJ
Finland,France,هندوراس,FI
France,Guyane Française,هنغاريا,FR
French Guiana,Polynésie Française,آيسلندا,GF
French Polynesia,Terres Australes Françaises,الهند,PF
French Southern Territories,Djibouti,إندونيسيا,TF
Gabon,Gabon,إيران,GA
Gambia,Géorgie,العراق,GM
Georgia,Gambie,أيرلندا,GE
Germany,Territoire Palestinien Occupé,إسرائيل,DE
Ghana,Allemagne,إيطاليا,GH
Gibraltar,Ghana,جامايكا,GI
Greece,Gibraltar,اليابان,GR
Greenland,Kiribati,الأردن,GL
Grenada,Grèce,كازاخستان,GD
Guadeloupe,Groenland,كينيا,GP
Guam,Grenade,كيريباس,GU
Guatemala,Guadeloupe,الكويت,GT
Guernsey,Guam,قيرغيزستان,GG
Guinea,Guatemala,جمهورية لاو الديمقراطية الشعبية,GN
Guinea-Bissau,Guinée,لاتفيا,GW
Guyana,Guyana,لبنان,GY
Haiti,Haïti,ليسوتو,HT
Heard Island and McDonald Islands,Îles Heard et Mcdonald,ليبريا,HM
Holy See (Vatican City State),Saint-Siège (état de la Cité du Vatican),ليبيا,VA
Honduras,Honduras,ليختنشتاين,HN
Hong Kong,Hong-Kong,ليتوانيا,HK
Hungary,Hongrie,لكسمبرغ,HU
Iceland,Islande,مدغشقر,IS
India,Inde,ملاوي,IN
Indonesia,Indonésie,ماليزيا,ID
"Iran, Islamic Republic of",République Islamique d'Iran,ملديف,IR
Iraq,Iraq,مالي,IQ
Ireland,Irlande,مالطة,IE
Isle of Man,Israël,جزر مارشال,IM
Israel,Italie,موريتانيا,IL
Italy,Côte d'Ivoire,موريشيوس,IT
Jamaica,Jamaïque,المكسيك,JM
Japan,Japon,ميكرونيزيا,JP
Jersey,Kazakhstan,موناكو,JE
Jordan,Jordanie,منغوليا,JO
Kazakhstan,Kenya,الجبل الأسود,KZ
Kenya,République Populaire Démocratique de Corée,المغرب,KE
Kiribati,République de Corée,موزامبيق,KI
"Korea, Democratic People's Republic of",Koweït,ميانمار,KP
"Korea, Republic of",Kirghizistan,ناميبيا,KR
Kuwait,République Démocratique Populaire Lao,ناورو,KW
Kyrgyzstan,Liban,نيبال,KG
Lao People's Democratic Republic,Lesotho,هولندا,LA
Latvia,Lettonie,نيوزيلندا,LV
Lebanon,Libéria,نيكاراغوا,LB
Lesotho,Jamahiriya Arabe Libyenne,النيجر,LS
Liberia,Liechtenstein,نيجيريا,LR
Libya,Lituanie,مقدونيا الشمالية,LY
Liechtenstein,Luxembourg,النرويج,LI
Lithuania,Macao,عمان,LT
Luxembourg,Madagascar,باكستان,LU
Macao,Malawi,بالاو,MO
"Macedonia, the Former Yugoslav Republic of",Malaisie,بنما,MK
Madagascar,Maldives,بابوا غينيا الجديدة,MG
Malawi,Mali,باراغواي,MW
Malaysia,Malte,بيرو,MY
Maldives,Martinique,الفلبين,MV
Mali,Mauritanie,بولندا,ML
Malta,Maurice,البرتغال,MT
Marshall Islands,Mexique,قطر,MH
Martinique,Monaco,جمهورية كوريا,MQ
Mauritania,Mongolie,جمهورية مولدوفا,MR
Mauritius,République de Moldova,رومانيا,MU
Mayotte,Montserrat,الاتحاد الروسي,YT
Mexico,Maroc,رواندا,MX
"Micronesia, Federated States of",Mozambique,سانت كيتس ونيفس,FM
"Moldova, Republic of",Oman,سانت لوسيا,MD
Monaco,Namibie,سانت فنسنت وجزر غرينادين,MC
Mongolia,Nauru,ساموا,MN
Montenegro,Népal,سان مارينو,ME
Montserrat,Pays-Bas,سان تومي وبرينسيبي,MS
Morocco,Antilles Néerlandaises,المملكة العربية السعودية,MA
Mozambique,Aruba,السنغال,MZ
Myanmar,Nouvelle-Calédonie,صربيا,MM
Namibia,Vanuatu,سيشيل,NA
Nauru,Nouvelle-Zélande,سيراليون,NR
Nepal,Nicaragua,سنغافورة,NP
Netherlands,Niger,سلوفاكيا,NL
New Caledonia,Nigéria,سلوفينيا,NC
New Zealand,Niué,جزر سليمان,NZ
Nicaragua,Île Norfolk,الصومال,NI
Niger,Norvège,جنوب أفريقيا,NE
Nigeria,Îles Mariannes du Nord,جنوب السودان,NG
Niue,Îles Mineures Éloignées des États-Unis,إسبانيا,NU
Norfolk Island,États Fédérés de Micronésie,سري لانكا,NF
Northern Mariana Islands,Îles Marshall,السودان,MP
Norway,Palaos,سورينام,NO
Oman,Pakistan,السويد,OM
Pakistan,Panama,سويسرا,PK
Palau,Papouasie-Nouvelle-Guinée,الجمهورية العربية السورية,PW
"Palestine, State of",Paraguay,طاجيكستان,PS
Panama,Pérou,تايلند,PA
Papua New Guinea,Philippines,تيمور- ليشتي,PG
Paraguay,Pitcairn,توغو,PY
Peru,Pologne,تونغا,PE
Philippines,Portugal,ترينيداد وتوباغو,PH
Pitcairn,Guinée-Bissau,تونس,PN
Poland,Timor-Leste,تركيا,PL
Portugal,Porto Rico,تركمانستان,PT
Puerto Rico,Qatar,توفالو,PR
Qatar,Réunion,أوغندا,QA
Réunion,Roumanie,أوكرانيا,RE
Romania,Fédération de Russie,الإمارات العربية المتحدة,RO
Russian Federation,Rwanda,المملكة المتحدة لبريطانيا العظمى وأيرلندا الشمالية,RU
Rwanda,Sainte-Hélène,جمهورية تنزانيا المتحدة,RW
Saint Barthélemy,Saint-Kitts-et-Nevis,الولايات المتحدة الأمريكية,BL
"Saint Helena, Ascension and Tristan da Cunha",Anguilla,أوروغواي,SH
Saint Kitts and Nevis,Sainte-Lucie,أوزبكستان,KN
Saint Lucia,Saint-Pierre-et-Miquelon,فانواتو,LC
Saint Martin (French part),Saint-Vincent-et-les Grenadines,فنزويلا,MF
Saint Pierre and Miquelon,Saint-Marin,فييت نام,PM
Saint Vincent and the Grenadines,Sao Tomé-et-Principe,اليمن,VC
Samoa,Arabie Saoudite,زامبيا,WS
San Marino,Sénégal,زمبابوي,SM
Sao Tome and Principe,Seychelles,الكرسي الرسولي,ST
Saudi Arabia,Sierra Leone,فلسطين,SA
Senegal,Singapour,جزر كوك,SN
Serbia,Slovaquie,نيوي,RS
Seychelles,Viet Nam,,SC
Sierra Leone,Slovénie,,SL
Singapore,Somalie,,SG
Sint Maarten (Dutch part),Afrique du Sud,,SX
Slovakia,Zimbabwe,,SK
Slovenia,Espagne,,SI
Solomon Islands,Sahara Occidental,,SB
Somalia,Soudan,,SO
South Africa,Suriname,,ZA
South Georgia and the South Sandwich Islands,Svalbard etÎle Jan Mayen,,GS
South Sudan,Swaziland,,SS
Spain,Suède,,ES
Sri Lanka,Suisse,,LK
Sudan,République Arabe Syrienne,,SD
Suriname,Tadjikistan,,SR
Svalbard and Jan Mayen,Thaïlande,,SJ
Swaziland,Togo,,SZ
Sweden,Tokelau,,SE
Switzerland,Tonga,,CH
Syrian Arab Republic,Trinité-et-Tobago,,SY
"Taiwan, Province of China",Émirats Arabes Unis,,TW
Tajikistan,Tunisie,,TJ
"Tanzania, United Republic of",Turquie,,TZ
Thailand,Turkménistan,,TH
Timor-Leste,Îles Turks et Caïques,,TL
Togo,Tuvalu,,TG
Tokelau,Ouganda,,TK
Tonga,Ukraine,,TO
Trinidad and Tobago,L'ex-République Yougoslave de Macédoine,,TT
Tunisia,Égypte,,TN
Turkey,Royaume-Uni,,TR
Turkmenistan,Île de Man,,TM
Turks and Caicos Islands,République-Unie de Tanzanie,,TC
Tuvalu,États-Unis,,TV
Uganda,Îles Vierges des États-Unis,,UG
Ukraine,Burkina Faso,,UA
United Arab Emirates,Uruguay,,AE
United Kingdom,Ouzbékistan,,GB
United States,Venezuela,,US
United States Minor Outlying Islands,Wallis et Futuna,,UM
Uruguay,Samoa,,UY
Uzbekistan,Yémen,,UZ
Vanuatu,Serbie-et-Monténégro,,VU
"Venezuela, Bolivarian Republic of",Zambie,,VE
Viet Nam,,,VN
"Virgin Islands, British",,,VG
"Virgin Islands, U.S.",,,VI
Wallis and Futuna,,,WF
Western Sahara,,,EH
Yemen,,,YE
Zambia,,,ZM
Zimbabwe,,,ZW
